Day,Rate
0,74.62808018863112
1,74.89967694107663
2,73.13595296578491
3,73.50999253193639
4,74.18100585097316
5,74.9171410298173
6,75.12933837419911
7,75.11468847025805
8,75.33439594018043
9,76.6087787745282
10,76.42021931173844
11,78.38931000223829
12,78.39939384884862
13,80.03102666222048
14,80.0708713838494
15,79.83183756016628
16,78.38816258702298
17,78.85009241993747
18,78.9291389685756
19,78.91807902247379
20,79.32734766195301
21,79.29653125644423
22,79.15228626262531
23,79.85988581112751
24,79.53157757149607
25,79.44512026219395
26,81.58209656187256
27,81.31087194928826
28,81.31006845041972
29,81.02330432370753
30,82.79714605844309
31,80.89370337683884
32,80.33174670723415
33,81.52397761561592
34,81.34612145214498
35,81.34798502495183
36,81.45842409882796
37,81.08644360514558
38,80.83827021075817
39,79.02985452576036
40,79.01959189533403
41,79.54332797404136
42,79.44825858256922
43,79.92621233610465
44,78.86390041226733
45,78.39117560969862
46,77.67610458759322
47,77.07368369798786
48,77.13548156864691
49,77.18931775523686
50,76.99936651834656
51,75.97088656713211
52,76.01455407888615
53,75.16651418694094
54,75.08386718675118
55,75.67464744696571
56,75.59137281002761
57,76.52975066995187
58,77.5632714587283
59,78.28093236728286
60,79.74497871647334
61,79.69363543150747
62,79.81795364004496
63,79.83001654364061
64,80.13817833409111
65,80.01351362280388
66,79.87275602587883
67,80.04704606305859
68,79.26052077882777
69,79.50639859309686
70,79.38751075889606
71,79.40200373871237
72,78.56041822972635
73,78.07438743399213
74,77.55443409469251
75,77.56097840952312
76,77.59713833896085
77,77.56810675446951
78,77.71771645187475
79,77.55628748137255
80,78.63771107073467
81,78.85307719900482
82,79.40807910130886
83,79.35112335890183
84,79.42721876104217
85,79.46434010063349
86,79.44557116279401
87,79.21929662424118
88,78.75060522631154
89,78.94635777741456
90,78.90716801074443
91,78.90716801074443
92,78.95118588165485
93,79.06712836158813
94,79.75222943921182
95,79.5450750870367
96,79.3203233001774
97,78.90671641022195
98,78.96697825324497
99,78.62052018468347
100,79.00892189218843
101,79.33840898443007
102,79.4783572272584
103,79.5613562583076
104,79.62883239890593
105,79.60967775376834
106,79.26368053948916
107,79.47248733202132
108,79.92634761936564
109,80.19414832744225
110,80.4828283753627
111,80.92969999618775
112,80.91776425617216
113,80.75842729137656
114,81.26008522882003
115,81.60116185543049
116,82.5666028090497
117,82.41658220787916
118,81.89627708579376
119,81.81085075707573
120,81.82234938343532
121,81.05958801745713
122,81.10035758987945
123,81.84510809413399
124,81.72946883451057
125,82.63816519189723
126,82.63971375329636
127,82.49374814637802
128,82.28859029494629
129,83.08250444115535
130,83.33144521969992
131,83.80123003858692
132,83.03075792960362
133,83.00528626081325
134,83.39372817012536
135,83.16186573492706
136,84.09039389683464
137,84.07024779086059
138,84.91382686058913
139,85.36361475886932
140,85.3662167542265
141,86.4173196654163
142,85.51137551693864
143,85.37246135437924
144,85.5445075089216
145,85.94760256703191
146,87.01006321596817
147,87.04612675596763
148,87.30951655954296
149,86.75377201117689
150,87.09318905524415
151,87.49942956679378
152,87.84571089274101
153,87.97288700330665
154,87.98541775627527
155,87.73742885954395
156,87.22505738912697
157,85.40765510673423
158,86.13406752896674
159,87.0473681250929
160,87.39115158262308
161,87.24967175474586
162,87.19770305615587
163,86.927729010763
164,87.64430683496654
165,87.70656020102157
166,88.01652171436308
167,88.54471925902486
168,88.57392675542476
169,88.6808317768383
170,88.56340144316648
171,87.9049857046228
172,87.22535564628913
173,86.02429899042082
174,86.32901950654512
175,86.39154783085985
176,86.83311163202046
177,87.56839936741825
178,86.92730214735147
179,86.26512025890119
180,85.56235350322035
181,85.90554801072638
182,85.95005125554371
183,86.59734936471952
184,85.26708549822327
185,85.58619335113376
186,84.94868174768477
187,84.81980365177687
188,84.35986669544003
189,84.32809174823613
190,83.84769116437205
191,84.34961092045353
192,82.77990178249331
193,83.77918059304602
194,84.66130388351243
195,84.11125676982422
196,84.1525481857643
197,83.88143292861398
198,83.4169892887279
199,84.55125179123901
200,84.52578704849516
201,84.62737078778842
202,84.81794375669833
203,84.83720775869838
204,84.9141012991138
205,83.80671218780824
206,84.31200470302761
207,84.43893488245472
208,84.23964839880178
209,84.24763275945311
210,84.15043825976159
211,84.21387326244579
212,83.47348756400503
213,83.11657317188843
214,82.78716060171737
215,82.55316153939427
216,81.41865929450205
217,81.4782340097312
218,81.00043992298737
219,81.83782389793858
220,80.87854194593899
221,80.32165189237624
222,80.54707184369313
223,80.29292450720006
224,80.28887050586685
225,80.40687668240325
226,79.83899879419053
227,80.0704843183485
228,79.98246229193992
229,78.76908153227468
230,77.97044700554208
231,78.00302766712139
232,78.11350667411705
233,78.9490132198137
234,78.3708552525413
235,77.48020127060383
236,77.99476365712243
237,77.9575182564569
238,77.93003425933075
239,78.35698356243468
240,78.33410135119892
241,78.3306315673206
242,76.85420396247673
243,76.53472489436116
244,75.85287425384762
245,75.87226825384676
246,75.54730200839951
247,76.57187087557783
248,77.17558520914457
249,78.74214257768317
250,79.19370104802726
251,79.01333200606601
252,79.01333200606601
253,79.64828161778405
254,78.54092590252588
255,79.36658869326598
256,79.17378031151522
257,79.74520471474136
258,79.53673196657022
259,79.57327975989656
260,80.16580565440745
261,80.09202654428292
262,80.6867906648705
263,81.1871605771603
264,80.57701832499413
265,81.10233183733885
266,81.12370925873698
267,81.03342874412624
268,79.94829312567992
269,80.05765448185994
270,80.50249942830989
271,79.7863726454611
272,81.88077136570196
273,81.89578375693503
274,81.9516813937637
275,81.53767635442475
276,82.33904650618081
277,82.27492441406423
278,82.31006753864713
279,81.55614175514954
280,81.58515107569043
281,81.2462289351768
282,81.40582085150295
283,81.05471151358184
284,81.78683298403071
285,80.59092144079797
286,81.17568525750012
287,81.21709450912157
288,81.23603843386572
289,80.92562925195806
290,81.79728477804579
291,81.84193086878379
292,82.28831906758045
293,81.64376475476121
294,81.63578175611586
295,81.31100876713349
296,80.64623660541288
297,79.9868392051513
298,80.69434910655805
299,81.61409954747144
300,82.44164976012267
301,82.48615649818429
302,82.3473809303204
303,82.20178075429489
304,82.09655858976788
305,82.25593413501947
306,82.01363739038125
307,83.11384375360042
308,83.12425175337106
309,83.21671572171962
310,82.79335503181309
311,83.02419770701287
312,82.96910911442198
313,83.3093126575691
314,83.00327925893335
315,82.99407625473923
316,82.79082691875614
317,82.54950153392917
318,82.84988836290768
319,83.11932133132107
320,83.60022069782248
321,83.09876175486457
322,83.09629725418401
323,83.18229235679651
324,83.11476448920932
325,83.12819961144125
326,82.73488170429431
327,82.19212482802776
328,82.03509776047015
329,82.12000150920484
330,82.12793567808653
331,81.82840820021995
332,81.69684757787392
333,81.61072649173539
334,80.93973690300005
335,81.09835075404315
336,81.10886725974171
337,80.65937974547727
338,80.41934218181575
339,80.3302365400253
340,80.12108067968207
341,81.31246528076146
342,81.45856925485542
343,81.44690275877956
344,81.25034561834998
345,81.02711813824328
346,81.29606946330271
347,81.62095314023924
348,81.98262770876005
349,83.03576985020183
350,82.92634325500312
351,82.74702860702973
352,82.61087160813183
353,82.52325903301677
354,82.28731040080447
355,81.7981687064455
356,81.98003875958467
357,81.98136025729052
358,81.71420568522622
359,81.36934840368106
360,80.7597316074882
361,80.80493174595061
362,81.20343790338684
363,81.1002520109757
364,81.13914250682248
365,80.92631284077804
366,81.03610356834875
367,80.40846715211265
368,80.44850281210252
369,80.60870548627999
370,80.32367776120144
371,80.32019974082112
372,80.24202341845286
373,80.15772051962624
374,79.87672500707606
375,79.99635236855653
376,80.60541585061559
377,80.4620717544102
378,80.43682575415913
379,80.41419910696123
380,81.06067624823196
381,81.4822323308732
382,82.24000710294565
383,82.47198053598997
384,82.15025176026816
385,82.14942175577072
386,81.87768928286565
387,82.86658813039854
388,82.15222134988011
389,82.79654726602001
390,83.24510913446295
391,82.82214600964521
392,82.80779025431937
393,82.69462464276221
394,82.66486564454817
395,82.78957550001364
396,83.04698033355513
397,83.72927198023982
398,83.36238801104075
399,83.40030375391737
400,83.45655981917169
401,83.40429925633097
402,83.92544284148917
403,83.41190101827348
404,82.85767652953594
405,82.76746301007425
406,82.77387525720019
407,82.78653883526115
408,83.18088186617577
409,83.17837790280277
410,83.3104431349362
411,84.06178922911415
412,84.2625062586502
413,84.32309800855657
414,84.64880536118125
415,84.8219634147887
416,85.11846657763465
417,85.92669123060057
418,85.69464556774719
419,86.39590225729347
420,86.39178201097808
421,86.50782747023408
422,85.9383484918289
423,85.92168923683786
424,86.24210945521587
425,85.85264758834917
426,86.20217575357513
427,86.17779175321846
428,86.16988481307835
429,85.90134499857928
430,85.90318174022019
431,86.2970909205967
432,86.52163743571703
433,86.72026875707304
434,86.71054826149329
435,86.72323154787506
436,86.55272760246173
437,87.13666953590267
438,87.95726204347987
439,88.30890862364048
440,88.44761575495076
441,88.44233225495091
442,89.02544086733435
443,88.69898271836354
444,88.9073907155565
445,88.44341000922694
446,88.67493230231348
447,87.78899575502388
448,87.80459350502349
449,87.95231185334269
450,88.14648803686778
451,88.40169683931464
452,89.001427075905
453,89.91180160595123
454,89.37389925408759
455,89.36707525924304
456,89.52530259810723
457,90.37862339633256
458,90.18493075251352
459,91.77599795957055
460,91.90240054172496
461,92.5837117555357
462,92.5415482585997
463,92.77854513580283
464,91.92949201286834
465,91.53161611973069
466,92.79627866756658
467,94.59472772488535
468,94.17315176128818
469,94.12897675582103
470,94.53939230745117
471,94.72521789505545
472,94.02428533920828
473,93.78543156014106
474,94.92732095111953
475,94.84282900403652
476,94.89236950380756
477,94.94686868991603
478,94.4397100858241
479,93.72149676296756
480,93.54088899765397
481,94.79946297120271
482,94.91879425811193
483,94.97291725246681
484,95.13522588357006
485,94.47554653196451
486,95.20745980772259
487,95.03214117810914
488,95.86914650350887
489,96.75338125769437
490,96.83663725769478
491,96.92683860112771
492,96.44220950591577
493,97.42588978406
494,96.61523215676496
495,96.46861789295754
496,95.84916175317794
497,95.86979975317706
498,95.71584066820542
499,96.86617725683516
500,96.63107489186783
501,96.78360958667011
502,96.39308394191428
503,96.54988775822241
504,96.54473575822237
505,96.72699081955533
506,96.77640136086627
507,97.12863787908468
508,96.17265433428656
509,96.08230185685825
510,96.60565325343124
511,96.63465926022253
512,97.23234778834711
513,95.06055600401801
514,94.48719198841913
515,94.64803002255499
516,94.79630779153891
517,95.70572926087
518,95.72444826085925
519,95.58798478348095
520,95.49621203833867
521,95.96651436045687
522,96.31030089513392
523,97.6771102444868
524,98.44866575346856
525,98.3885357537792
526,98.45123269691146
527,99.4948859121442
528,99.1556573475964
529,99.10172267675868
530,99.81659528397769
531,99.36986375603766
532,99.37074175770681
533,98.45475526228056
534,99.30112769982095
535,98.68462748132083
536,99.79245889051516
537,99.2679013001145
538,98.93010250487586
539,98.93010250487586
540,99.2974394243022
541,98.49319867494727
542,99.30591581390671
543,98.75677146026834
544,98.30984997355102
545,98.32637576054873
546,98.31695425518491
547,98.3463820445782
548,97.44976410165945
549,97.82967965111433
550,97.29990130277386
551,100.70544677614994
552,101.89669017256873
553,101.9175080027013
554,102.4376345524572
555,103.6829721018968
556,104.01205504937728
557,105.23090582804683
558,105.24825126855447
559,103.52021301248168
560,103.52021301248168
561,103.61150594411939
562,100.27035213546677
563,101.55600865782596
564,101.1879329346275
565,101.31477492589758
566,102.45862150945183
567,102.45796750758393
568,102.68776533368968
569,101.98907148591246
570,102.47166146686018
571,102.38240986742372
572,102.44311393778541
573,100.97691350280672
574,100.97691350280672
575,100.83955769398624
576,101.42281977867505
577,101.0699357459904
578,100.0832817152037
579,100.63870367681577
580,102.34539075277569
581,102.32558975536053
582,102.28207575363714
583,101.9590868661798
584,100.73922328917747
585,100.95350710443928
586,101.73141898212029
587,102.02550186279846
588,101.94513175886375
589,101.96707578563638
590,101.55776252859434
591,101.4561481397033
592,101.40242043657607
593,100.55056405468669
594,100.65825125616925
595,100.75001125990705
596,100.509917869063
597,100.45848275659067
598,100.7665116326152
599,99.88948828660624
600,99.37745225637237
601,97.93061235857083
602,97.87506535664765
603,97.59371633943067
604,97.53305907247052
605,98.28316474819935
606,97.43071275882765
607,97.94538648648809
608,96.33751225889422
609,96.35139175860117
610,96.91701966531379
611,97.45723576614158
612,96.88862837178246
613,94.32681126511176
614,93.28051890565231
615,92.83500776062274
616,92.7695317614017
617,92.91644075625629
618,93.39262356542199
619,91.18680538554437
620,90.6904040565134
621,92.06711914948995
622,90.30801325894971
623,90.47055825849013
624,90.49595991359548
625,90.55653946648303
626,90.6673196726827
627,89.88105658266083
628,89.43747528960205
629,90.4281717557017
630,90.30692050967782
631,91.15100103854165
632,90.74025730639258
633,90.96368452141819
634,90.93736248165835
635,91.44619611194263
636,90.82465951048444
637,90.82465951048444
638,91.14894560263878
639,92.27114158875358
640,92.30602586392705
641,91.17618604700021
642,91.93316930158433
643,91.97379375621877
644,91.96873300866972
645,91.94419673194328
646,92.31442189924485
647,92.83404135857279
648,91.68714161708314
649,90.77951359956228
650,90.06061957616897
651,90.2225650079591
652,90.393568530775
653,91.08575852920076
654,91.84652837757922
655,92.14833240433724
656,92.54816172048757
657,92.46143456035072
658,92.45271445697922
659,92.73638078633468
660,92.13878443733603
661,92.62057975495004
662,91.89706476581013
663,91.88106795841706
664,91.23342725741232
665,91.19693575476039
666,90.8605781885483
667,90.32960221154694
668,89.1089510553143
669,87.75786501765116
670,89.06224427114131
671,88.29265975976597
672,88.30502275582943
673,88.30104998640115
674,87.75086900982652
675,87.64996557292433
676,87.10694348711428
677,88.30822224441872
678,88.61907175998756
679,88.59085600675527
680,88.40393442146647
681,88.76803829697833
682,89.49834606184423
683,89.65308130025257
684,88.83393642573216
685,89.74952375547859
686,89.75870725547841
687,90.04408022946696
688,89.14383320987484
689,88.36578169580233
690,87.9018578243215
691,89.37410648496048
692,89.29324855693748
693,89.32640875432858
694,89.31511203225307
695,88.750325331047
696,86.81700886634938
697,87.62658151106703
698,87.92902185986027
699,87.57134177233979
700,87.5771407588707
701,88.12285586295309
702,89.79593023947811
703,90.3538175700665
704,91.65170441307103
705,91.49824816083233
706,91.22490374044226
707,91.24159775757897
708,92.12277744074906
709,92.26797942334055
710,93.46691611958468
711,93.35967077331746
712,92.4299119129121
713,92.07877976147353
714,92.03255027096584
715,92.50573464123202
716,92.5317008204967
717,92.90920793281377
718,93.44680591299735
719,94.06464300340774
720,93.54289975343352
721,93.60196375382438
722,93.52881411969828
723,93.21871066371452
724,92.84113871461327
725,92.38129928547484
726,92.75682053123064
727,91.7268982598646
728,91.6932767590566
729,91.1772495970601
730,91.91324432799289
731,92.18144553180427
732,91.53633788883917
733,91.62453535155959
734,92.13532550467279
735,92.12620601115441
736,92.04369962177327
737,91.40192006982497
738,91.7302390536707
739,92.3010641348725
740,93.03418898271022
741,93.53743375906808
742,93.50409925492112
743,93.06182579170017
744,94.03351563986159
745,94.17472328999274
746,94.59620374183609
747,94.42801085022754
748,94.74570775686695
749,94.83255176043077
750,94.80255780611311
751,94.95693045292259
752,95.3935074979783
753,94.13131861752893
754,93.87161916706003
755,93.56438725464275
756,93.5452162546433
757,93.8553949553357
758,93.37579757351352
759,93.25600029742239
760,93.46245017313788
761,93.23231807451694
762,93.34037275652965
763,93.33819025981586
764,93.61240675068446
765,93.99954854305905
766,93.7248692407697
767,94.17435946489309
768,93.00906279315991
769,93.20511580961126
770,93.20933725961137
771,93.15052540078818
772,93.03536004990085
773,92.86069629589794
774,93.11613764329749
775,93.5134843205711
776,94.07539526087838
777,94.10916800575652
778,94.22376654382228
779,93.75493204504417
780,94.77063587521008
781,93.67335878149542
782,93.67884143626914
783,93.02983736085574
784,92.95553918060475
785,93.02379539853061
786,93.38531643676944
787,92.53377609442425
788,93.02583727636056
789,93.10063765750529
790,93.51999376085031
791,93.51999376085031
792,93.67482294738777
793,94.02803335070456
794,93.6906231822462
795,92.67927441630803
796,92.42039061412419
797,93.8740920541944
798,93.82430576107089
799,94.08796410104696
800,94.06986926426703
801,94.2250662315219
802,92.94545096681583
803,92.62041218860635
804,92.6661480048434
805,92.58008550330413
806,92.64775003093794
807,92.31794810476119
808,91.74423547166984
809,92.38401495188825
810,92.6319418050675
811,93.04626025558197
812,93.07524750573751
813,93.01191694482745
814,93.24234502772859
815,93.22991692242798
816,93.36127069774547
817,93.41851612548807
818,93.46470680789747
819,93.45513776012314
820,93.4513338393408
821,93.80260931732732
822,94.03635981865978
823,93.84642670950772
824,93.56811328751506
825,93.97693270575193
826,93.85410400647798
827,94.24861592826981
828,93.63166568568246
829,93.5774363483486
830,93.39750930784254
831,93.4663842039833
832,93.88087376127558
833,93.8737562610729
834,93.8727508021233
835,93.51042321937871
836,93.55545827218782
837,93.30958985716876
838,92.17525894149563
839,91.76112301057707
840,91.75069550731308
841,91.65665646764934
842,91.96144778849522
843,91.96500627275226
844,92.73249130266073
845,90.7030963066826
846,89.01632575806354
847,89.01533425908767
848,88.94353549156251
849,89.83278539382209
850,90.90163696392575
851,89.67400484681379
852,90.57942856047146
853,89.53825575689264
854,89.53099076017944
855,89.67749472007391
856,88.6971983991779
857,90.83027989165323
858,90.77441851179533
859,91.49782596455371
860,91.9251505051841
861,91.9251505051841
862,91.89583585623697
863,91.55556092075331
864,92.67732252368799
865,92.66601327765957
866,91.98262384024414
867,92.14600013091962
868,92.19212920703542
869,92.22007551741719
870,92.44887633626804
871,92.48205734742383
872,92.24650109219375
873,92.38114209720813
874,92.10352640554693
875,92.09993925948515
876,92.23437101403687
877,92.79959066633592
878,92.2191152798579
879,91.88033588835737
880,91.69186641495371
881,91.0058642550816
882,91.0058642550816
883,90.37472432567702
884,90.70115555631143
885,91.66973326742163
886,92.0896129295106
887,94.00853544102507
888,93.86482586101354
889,93.86482586101354
890,93.6648178535406
891,93.35104978467301
892,92.37097394815588
893,92.68089720368772
894,92.08101309380164
895,91.72573225795152
896,91.72121675795147
897,91.69334144707544
898,92.72232419518045
899,92.82274696846963
900,92.70769406173976
901,92.75002976144818
902,93.0434534084994
903,93.11112175850033
904,93.16986302972897
905,93.5024549810291
906,93.90337332251231
907,94.1367462092859
908,94.85156521950162
909,95.27430925934749
910,95.27893275934758
911,95.46419356122463
912,95.86237520669981
913,95.93886516397949
914,96.23206025274682
915,96.13636763262463
916,96.18977332157989
917,96.08182575745818
918,96.15366436539247
919,95.69943324858559
920,95.51162609151271
921,95.93538294840077
922,95.48873169988332
923,95.65335644849034
924,95.66833526151876
925,95.44095884806885
926,96.1338065263319
927,95.38493967617721
928,96.01217076626006
929,95.77962275377097
930,95.73001589740365
931,95.72895050494044
932,95.90859725953537
933,96.06208192354605
934,96.37058743628324
935,95.38896999012907
936,95.00818723694321
937,95.03670568415912
938,94.86975925827623
939,94.88850477471944
940,95.0557062033572
941,95.310555531802
942,95.09542654169793
943,95.05693603035094
944,95.01197880380585
945,94.9694647529205
946,94.98533988462302
947,95.00647992559684
948,95.29819707019824
949,95.17801315158029
950,95.37103848169964
951,95.50141302237584
952,95.47050875279002
953,95.56432656635991
954,95.83621435658632
955,95.92074529674804
956,95.59492560535183
957,95.17995849992393
958,95.24623044266161
959,95.26901075790744
960,95.30735585792571
961,94.92440536671457
962,93.69720429190535
963,93.8705447375609
964,94.09396052679982
965,94.3113327854243
966,94.2627465041168
967,94.41476095313631
968,94.51812716894733
969,94.67463701806022
970,94.07334077191156
971,94.9183492150552
972,94.9683562615501
973,94.9271117537665
974,94.91809568696517
975,94.80156124113466
976,95.16933458828724
977,95.40888581451588
978,95.71816305003368
979,95.8759700560149
980,95.87302775920674
981,96.01892680547991
982,95.9528819292476
983,96.06373143595637
984,95.88480511244232
985,96.04476258584555
986,96.13088547468675
987,96.10263175832718
988,95.9689076291482
989,95.89503465603208
990,95.59290911658647
991,95.99268093129835
992,95.99013499372964
993,96.00957560707865
994,96.00473050552593
995,95.99864787384575
996,96.15305917887117
997,95.63200008057714
998,95.95769331523898
999,95.80416359799632
1000,95.79974562197897
1001,95.76081575666994
1002,95.7054031955222
1003,95.7006878257268
1004,96.58025178500128
1005,96.26551355833271
1006,95.74226593376311
1007,95.76059450791091
1008,95.7465492579108
1009,95.7626264167474
1010,95.62646742683238
1011,95.68806270462011
1012,95.84639975515911
1013,95.26266921511308
1014,95.33436511555028
1015,95.3416437590835
1016,95.30100707697895
1017,95.56125717405078
1018,95.38717867760384
1019,95.3930328338465
1020,94.81478469874128
1021,95.3894082746239
1022,95.39478325646552
1023,95.41478581829918
1024,95.19089196893295
1025,95.4715438904069
1026,96.03879714654022
1027,96.02521759937967
1028,95.87580375476038
1029,95.87110600476049
1030,95.85592237649695
1031,96.0201852056723
1032,95.9865736300131
1033,96.09100551923864
1034,95.7879615252659
1035,95.75130050372056
1036,95.72336600372158
1037,95.69297750581224
1038,95.89131646557827
1039,95.62015917305163
1040,95.62886810873471
1041,94.81163306096353
1042,94.86474375419482
1043,94.87402175419452
1044,94.97696958298275
1045,94.86830115917999
1046,94.99517404753773
1047,95.49640224181344
1048,95.68271991185715
1049,95.6120143862672
1050,95.60918575733113
1051,95.59796829443037
1052,95.85920688583374
1053,95.91549260388543
1054,96.49913560225247
1055,96.80318726696719
1056,96.98723725863343
1057,96.96536876064648
1058,97.08649899642542
1059,96.74285569056791
1060,97.16240415336954
1061,97.17063345470103
1062,97.18810030283572
1063,97.37665787490157
1064,97.36018975555811
1065,97.36751882091605
1066,97.59051940840727
1067,97.82884843800373
1068,98.14439980861427
1069,98.77786345299074
1070,98.74481369877924
1071,98.74599900340836
1072,98.68566961968988
1073,98.65841754630556
1074,97.88656554174774
1075,98.01665909293669
1076,97.63692661284834
1077,97.22888324855691
1078,97.25422675458107
1079,96.926990041746
1080,97.00027208363605
1081,97.51624232683643
1082,97.41168873326166
1083,97.93226648428812
1084,97.5407141835508
1085,97.51813175552861
1086,97.59527355015473
1087,96.73080884216489
1088,96.2855864016884
1089,97.01823827649353
1090,95.82576550802355
1091,95.98260683362054
1092,95.97811375765909
1093,95.76492918751876
1094,95.52964498300554
1095,96.00805770454087
1096,95.5237097779788
1097,95.64091419523221
1098,95.4405942943003
1099,95.39988925815067
1100,95.3182415212085
1101,95.66976075422468
1102,95.400170882754
1103,95.77357798715263
1104,94.67127922762742
1105,93.72495675797208
1106,93.73816676010756
1107,93.34380532741737
1108,93.92794090236214
1109,93.63666126117558
1110,93.37841205867262
1111,93.52354323592799
1112,93.72808169901455
1113,93.74265675372756
1114,93.99996100453292
1115,94.01284492444702
1116,94.05302521403459
1117,94.13067640470288
1118,94.89776479246645
1119,95.35956981922371
1120,95.27650000394199
1121,95.43462130723053
1122,95.14090158551204
1123,95.99050239951153
1124,95.61483130059231
1125,96.57896493960898
1126,99.02239975469872
1127,99.02239975469872
1128,98.95148793670542
1129,99.00120926377467
1130,99.46924373827785
1131,98.55826161194265
1132,98.80158910317526
1133,99.13363156866582
1134,99.13282035710036
1135,99.1903922707929
1136,99.19601104460028
1137,100.93526235090131
1138,100.88070717521748
1139,101.03393536236865
1140,101.9486597605886
1141,101.9486597605886
1142,102.49647560092268
1143,101.76584608534512
1144,101.97667052904065
1145,101.81583417005892
1146,102.12971512762418
1147,102.34908500657271
1148,102.34908500657271
1149,102.40544015641527
1150,102.11091291091341
1151,101.00872566392508
1152,100.54772426327523
1153,100.59844919451507
1154,101.23450650341782
1155,101.23450650341782
1156,100.44903114631246
1157,100.50257479694712
1158,101.01375926450676
1159,100.8617958635346
1160,100.67034341712737
1161,101.39545676034265
1162,101.39545676034265
1163,101.21331324973725
1164,100.32200899060578
1165,99.22653837354379
1166,98.26595685431222
1167,98.32917665188948
1168,98.16078175895016
1169,98.16078175895016
1170,97.17953041644763
1171,96.91083520347053
1172,96.084844468474
1173,96.70832476281332
1174,97.36822735406564
1175,97.51993725192594
1176,97.52964175662052
1177,97.57890384644593
1178,97.75956249184203
1179,98.06615559413326
1180,97.8690337270401
1181,97.77734636905386
1182,97.9718105715475
1183,97.96705075842465
1184,97.898902221442
1185,98.33381151940476
1186,97.94769045237608
1187,97.95526043663827
1188,98.21718920757965
1189,97.64586525866584
1190,97.64586525866584
1191,97.34853931240565
1192,96.89466469868093
1193,96.06299501490915
1194,96.5187952323631
1195,97.3734395080001
1196,97.33879925906596
1197,97.33879925906596
1198,97.38194689880964
1199,96.6276525432412
1200,96.45460806206846
1201,95.79663922170823
1202,95.68352405234039
1203,96.86749775804296
1204,96.86749775804296
1205,96.89951388813992
1206,96.64101048478948
1207,97.06264556678427
1208,95.6553376690838
1209,95.4074000808588
1210,93.36778975795782
1211,93.41876375622513
1212,92.59345101306889
1213,94.08692020953124
1214,93.48018825528666
1215,92.99074397381253
1216,92.21869313564898
1217,91.47389725389115
1218,91.46233675732698
1219,91.37523871674844
1220,91.89857022991718
1221,91.51714710712223
1222,91.20115378598068
1223,91.86116669891223
1224,93.13888951046795
1225,93.09988701046659
1226,92.52864431077234
1227,92.66443415993076
1228,93.10345964420951
1229,92.9749241392148
1230,92.41922339376646
1231,92.4664985105802
1232,92.436807259171
1233,92.27037697051358
1234,92.10713328312148
1235,93.31482538363994
1236,92.87293632525848
1237,92.96104555279217
1238,93.56119300975296
1239,93.57688200975338
1240,93.61033027807997
1241,92.92720663877071
1242,93.32547846080826
1243,93.87493518558712
1244,93.35881252211364
1245,93.61317550841655
1246,93.62513800778744
1247,93.46836913054325
1248,93.4313330808193
1249,93.72965527954395
1250,93.78566465305033
1251,93.64649206626677
1252,93.45186512448554
1253,93.45186512448554
1254,93.41742714142508
1255,93.49372953497948
1256,92.66140276081279
1257,92.51590886883503
1258,93.66105021035378
1259,92.90746300747908
1260,92.90746300747908
1261,92.5858551038479
1262,92.95974838461389
1263,92.64071014039249
1264,93.58529607970335
1265,92.67400877316327
1266,93.60003771362307
1267,93.57942812926973
1268,93.60749904701127
1269,94.49539041180968
1270,94.37788044056438
1271,93.7706453346786
1272,93.52690980629669
1273,92.46407917920043
1274,92.49981353469387
1275,92.4249581667484
1276,92.09048532122144
1277,91.57378898697917
1278,91.14396410396833
1279,90.92859393615157
1280,91.44202993251247
1281,91.02944425907062
1282,90.99611139697623
1283,90.87322473070239
1284,92.09667968656566
1285,92.48563771210242
1286,93.0483472415705
1287,92.48818776997287
1288,92.46840550472857
1289,92.36658920935766
1290,91.27504162722138
1291,91.14613774079405
1292,91.66910456381328
1293,92.88478748146773
1294,92.76036408486851
1295,92.72779375847198
1296,92.96953429228695
1297,92.25544269430621
1298,92.48651847263069
1299,93.14355824401319
1300,93.1665141244336
1301,93.28299964665172
1302,93.27118925472257
1303,93.34464219566988
1304,93.91273470636236
1305,95.2061050751789
1306,95.33119053973587
1307,94.59154131875006
1308,94.57040886868593
1309,94.57747675384161
1310,94.25109514957364
1311,94.36716012012403
1312,95.3684122215141
1313,95.18553963801162
1314,94.76045261298636
1315,95.16670771697689
1316,95.17118628045628
1317,95.1336813520008
1318,95.08292215230453
1319,95.9566453265572
1320,96.87014189376788
1321,96.56074456442795
1322,95.99046827861771
1323,96.13931825467488
1324,96.22875642990687
1325,96.05046559219086
1326,95.77006831037382
1327,95.67741097614123
1328,95.80720869114505
1329,95.31806304931753
1330,95.34374050450009
1331,95.14554072611212
1332,95.3558517925768
1333,95.43338465785575
1334,95.8954703091549
1335,94.99514306509265
1336,95.10549136371378
1337,95.17404925604843
1338,95.11729810480008
1339,95.26028657174707
1340,96.46402707610386
1341,96.80017308680176
1342,95.79090136759052
1343,95.98643734048481
1344,95.94319175444647
1345,95.92561172057995
1346,95.95506779158792
1347,95.80239614435301
1348,95.18262714114509
1349,95.97226311043183
1350,95.58695403795056
1351,95.64275550484896
1352,95.49239831269466
1353,95.93385979124868
1354,95.79461934887433
1355,95.61987985863001
1356,96.00998374066812
1357,95.53526128334525
1358,95.5466997562669
1359,95.52792472410894
1360,95.54622357288225
1361,96.08908287720071
1362,95.66950641447123
1363,95.76319482898167
1364,95.02531923153074
1365,95.03511400777869
1366,93.68235827725131
1367,94.31419355086298
1368,94.34367261944614
1369,94.38018531548857
1370,94.1678810282993
1371,92.58244410997422
1372,92.5219667560308
1373,91.82021385541522
1374,91.88551287020952
1375,91.53909223684
1376,89.86896311900499
1377,90.91451394769113
1378,91.56834377718258
1379,91.62203072951431
1380,91.13784153801873
1381,91.55247360004641
1382,92.01423055570272
1383,91.496543477715
1384,92.24327636787928
1385,91.69112002530385
1386,91.67831761212402
1387,91.65035403904861
1388,91.85402319779307
1389,92.13886665645998
1390,91.68728892969287
1391,91.30307518370728
1392,90.38696251599494
1393,90.42658840797021
1394,90.21293216180646
1395,89.86020596591378
1396,90.96549962449492
1397,90.62222930285232
1398,90.70214100374434
1399,90.6415767265393
1400,90.64157650663014
1401,90.72252886864179
1402,90.36007830801559
1403,91.84226843545001
1404,91.89906974316885
1405,91.79824544667377
1406,92.35214175577958
1407,92.29003925665089
1408,92.18885750480172
1409,92.56991971236826
1410,91.62842312404777
1411,91.92335473389056
1412,91.89722927042178
1413,91.88597781503388
1414,91.92639475874014
1415,91.81714612267422
1416,91.90463813441305
1417,91.4595125113427
1418,91.30420355921393
1419,90.74346722740216
1420,89.49907425594076
1421,89.49907425594076
1422,88.51398978014197
1423,85.46968166773661
1424,84.43751285532903
1425,85.69792922053514
1426,87.00122823034826
1427,87.48820026023259
1428,87.48820026023259
1429,86.79200190788508
1430,86.2699316648985
1431,84.10501575563919
1432,85.14520422350039
1433,84.43619588268373
1434,82.40985345996863
1435,82.40985345996863
1436,82.84719516269588
1437,83.09600629502205
1438,84.68187053606307
1439,83.96369870429514
1440,85.46448024480082
1441,85.74849723111448
1442,85.74849723111448
1443,85.92550283394355
1444,86.38447224164064
1445,86.01704192994602
1446,86.9620602964271
1447,86.523356923134
1448,86.51246348828147
1449,86.4073065057097
1450,86.47435651311619
1451,86.09901978035724
1452,85.17691709366656
1453,84.3044284700815
1454,84.49980788428863
1455,84.94021239766133
1456,84.94572295791374
1457,84.68520754495529
1458,83.73535141172803
1459,84.12767650215646
1460,84.20837065494321
1461,84.4963290314132
1462,84.7158942586498
1463,84.78640425865098
1464,84.75453616814765
1465,85.56028328736923
1466,86.26147394315471
1467,86.47003764940112
1468,87.32702352338544
1469,88.3860227588523
1470,88.40655515885268
1471,88.10090132808344
1472,88.33118520571279
1473,86.6603822473781
1474,87.13939671927922
1475,87.41738971543143
1476,87.00999010450965
1477,86.99154720525587
1478,86.766542166246
1479,86.89975006715305
1480,87.24084869494352
1481,86.65294335502443
1482,87.36071600593942
1483,87.84607205859777
1484,87.84345925732336
1485,87.79872646418872
1486,87.86281603508733
1487,86.8301708523741
1488,85.9965568237872
1489,85.9747057360494
1490,86.25559893318628
1491,86.26558898318639
1492,86.16410271958749
1493,86.64703793787034
1494,87.24027344090132
1495,86.90848558403879
1496,87.14361971189595
1497,86.934504259645
1498,86.959138254457
1499,86.90102280105357
1500,86.95962065231413
1501,86.89801206300453
1502,86.96513028908166
1503,87.6463619052944
1504,87.58850725607071
1505,87.58850725607071
1506,87.1287865384154
1507,87.6227038276503
1508,87.99004749259576
1509,88.09323861648576
1510,88.56298944419238
1511,89.07357325978172
1512,89.07357325978172
1513,89.03300305758773
1514,88.54777302988596
1515,89.07294654268503
1516,89.17776460110389
1517,88.69356781691323
1518,88.53012775945123
1519,88.52705876036299
1520,88.41461946635059
1521,89.2907068876102
1522,90.1854933561514
1523,90.17799836255283
1524,90.06439519195456
1525,90.58057975567336
1526,90.58057975567336
1527,90.59899029755174
1528,89.66104323786227
1529,88.98411894332655
1530,88.20534576681922
1531,88.6927111839994
1532,87.1174807574652
1533,87.1174807574652
1534,86.82144724311426
1535,88.0299874506084
1536,87.79959657549787
1537,88.42506333337609
1538,87.4682237888577
1539,87.15797575908634
1540,87.1938557590871
1541,87.09971348724544
1542,87.42296630966139
1543,87.70446517839244
1544,87.66451651470605
1545,87.52584094060981
1546,87.44159590478532
1547,87.44159590478532
1548,87.70965653218076
1549,87.51964195837901
1550,88.05140480054399
1551,87.91105569476478
1552,88.04054594082473
1553,88.28024738307242
1554,88.28024738307242
1555,87.84291150823096
1556,86.00198331109671
1557,85.48788797883799
1558,84.15275595457979
1559,82.66596983657045
1560,81.71559396503973
1561,81.71595675593949
1562,81.43553876832343
1563,82.38978219678086
1564,82.49888375361762
1565,81.6222109194213
1566,82.8758090705401
1567,80.52207415745983
1568,80.46272330492512
1569,80.45175474636522
1570,80.89405514902775
1571,81.45191495727585
1572,81.38120812157513
1573,82.90644654876564
1574,83.37969689760763
1575,83.33377975670527
1576,83.20454128741467
1577,82.22978140499484
1578,83.12117928036078
1579,83.28753225284636
1580,84.42279449663695
1581,86.0375264960822
1582,86.04673744503165
1583,85.96826968074274
1584,86.10726057166599
1585,84.43625912892207
1586,84.72851294742216
1587,84.3161339591603
1588,82.80907431232937
1589,82.7709659975585
1590,83.05927698139635
1591,82.02797424937725
1592,81.56709964635908
1593,80.63363157511719
1594,80.3194497567532
1595,80.69468277313209
1596,80.69571775724376
1597,81.06651606566778
1598,81.9039490005915
1599,81.41222446224859
1600,82.1670639714396
1601,81.16226718895359
1602,80.71729540437383
1603,80.71504263769437
1604,80.55065843656598
1605,81.90085771679934
1606,80.70005182108618
1607,80.8089396619092
1608,82.05641055723676
1609,81.44480925618187
1610,81.41061675639591
1611,81.19832314520175
1612,80.47502597908439
1613,81.9962381564032
1614,82.86445300082305
1615,83.82179824599153
1616,84.84006288237724
1617,84.81446350468985
1618,84.51794570387698
1619,84.80395664471038
1620,83.92761108459653
1621,84.75839962316145
1622,84.36740884325852
1623,86.310181757451
1624,86.33009675986379
1625,86.21984088705723
1626,85.77855791633993
1627,84.60268394040153
1628,85.26050000895687
1629,85.35595800248797
1630,85.04411140487284
1631,85.08036678509548
1632,84.82518209763869
1633,85.08759158842858
1634,85.710827411555
1635,84.88303771754444
1636,85.11546829762034
1637,85.10040230571033
1638,85.10040230571033
1639,85.31398674893
1640,85.83231988079567
1641,86.26465526134156
1642,86.25534712718317
1643,86.47179259037517
1644,85.97297823829815
1645,86.02109725803565
1646,85.85413054901636
1647,84.72855889170881
1648,83.47512859507364
1649,83.69172315311775
1650,81.63989871912582
1651,81.85750399505204
1652,81.78924175594648
1653,82.1217687758377
1654,82.157364167954
1655,83.68619492557063
1656,84.00353559841065
1657,84.28543027717119
1658,84.18915433697714
1659,84.2171301312753
1660,82.69914248611214
1661,84.94643970913337
1662,85.35378392414297
1663,85.89017534516894
1664,84.92742683991958
1665,86.41183522395964
1666,86.39715625468577
1667,86.11245888142705
1668,85.9403608525125
1669,86.36653201792312
1670,84.98490554628735
1671,82.67254963856473
1672,81.07365570267439
1673,81.07487335943054
1674,81.2463495598813
1675,81.73990254553316
1676,80.17122353067006
1677,80.01012326859033
1678,80.38721503920779
1679,79.10455236110465
1680,79.0896238959105
1681,79.35716840764171
1682,79.45848034737718
1683,80.66906011673636
1684,79.99227969415111
1685,80.0360552488404
1686,79.2070125076157
1687,79.23717765916284
1688,79.24309011673587
1689,79.68453683288276
1690,79.88185754598086
1691,79.76780611229483
1692,79.6593513510298
1693,79.72240274256453
1694,79.7057072589516
1695,79.69079176075479
1696,79.1529992749173
1697,79.41639597670707
1698,79.31715132573841
1699,79.45240567605357
1700,79.38332654044521
1701,79.4414453550516
1702,79.74033999188151
1703,79.93581167493168
1704,80.25402013373514
1705,79.55691717230276
1706,78.89418500372176
1707,78.71154788844464
1708,78.68897475490357
1709,78.55945180800562
1710,79.40972172848622
1711,80.0513554369143
1712,80.2069937699396
1713,79.62658205739329
1714,79.05452356868848
1715,79.07853588309557
1716,78.72234660680961
1717,78.57165131632796
1718,78.20536466336999
1719,78.66641254418782
1720,77.52761365555969
1721,77.08140675466211
1722,77.24288225628106
1723,77.92863416331407
1724,77.63800245775977
1725,78.20194272198513
1726,78.8119153423662
1727,79.22167645791613
1728,76.62679541910084
1729,76.61474883586057
1730,76.07412740300244
1731,75.08395033523085
1732,76.22130907649303
1733,76.96370721058949
1734,76.95665924742534
1735,77.02616599203343
1736,77.0631495058136
1737,76.67975225918336
1738,77.36236910725218
1739,75.45551945408992
1740,76.2214171170618
1741,75.69342523644455
1742,75.90098704803805
1743,76.28700138412896
1744,76.30265451862142
1745,77.45433511625632
1746,79.84347757143796
1747,79.2453519542654
1748,80.2668695172937
1749,79.76326402181603
1750,79.62273325837316
1751,80.21004462427562
1752,80.56643818992474
1753,79.87101636810577
1754,80.2416060017273
1755,79.6174856268678
1756,79.40283835615153
1757,79.41130810643318
1758,79.64294897263272
1759,79.12498362866371
1760,78.97676587218024
1761,79.07895830538482
1762,78.86794965121096
1763,77.78014062282251
1764,77.77394930667045
1765,77.84639427092861
1766,77.21745861757674
1767,77.02887389598169
1768,77.09749100768913
1769,77.49814311803972
1770,77.78328525769803
1771,77.72169700832151
1772,77.9107671577945
1773,78.54461310526533
1774,78.29950956245139
1775,78.20020666523051
1776,78.52932020589556
1777,77.69759816377551
1778,77.70756925626677
1779,77.72705285384066
1780,77.90591236265806
1781,77.34044047991999
1782,76.76222765051824
1783,77.06598152535244
1784,76.55748611179861
1785,76.62026091679888
1786,76.66898794458231
1787,76.67557794036158
1788,76.55480346100641
1789,76.70599364433865
1790,76.85833871515221
1791,77.216495042929
1792,77.30324295832206
1793,77.07862979699793
1794,77.33641468302616
1795,77.58083080024036
1796,77.86318386330804
1797,78.1594846527773
1798,78.91599544951055
1799,78.92615092756506
1800,78.81680280932021
1801,78.7661745381037
1802,78.20304452431921
1803,78.27549586506625
1804,78.45747387036245
1805,77.61698213930553
1806,77.62641320900354
1807,77.4796608507699
1808,77.16405327963624
1809,76.74218997220319
1810,76.87436362884434
1811,76.8377863447749
1812,76.81084703912663
1813,76.79600675988623
1814,76.92834094311698
1815,76.93575456327366
1816,76.93314806367279
1817,76.81946779538491
1818,77.29696235289265
1819,77.18989983289998
1820,77.22054425935399
1821,77.03230646737535
1822,76.79460288395775
1823,77.24532691691229
1824,77.84437451470527
1825,77.38369695722025
1826,77.75031958855288
1827,77.79526433488893
1828,77.80654809496944
1829,78.42952940378927
1830,78.4868543598724
1831,79.04858369100629
1832,78.80185996070084
1833,78.29430504308928
1834,78.3304947564043
1835,78.47842556434553
1836,79.00488981477383
1837,78.33408214502735
1838,79.00230060476726
1839,78.6464930003679
1840,79.5689108875478
1841,79.53717820710558
1842,79.2128523075864
1843,79.53238192140914
1844,79.90878107599112
1845,80.07151442063116
1846,79.65790594132268
1847,79.18254827749752
1848,79.17600535954203
1849,79.19030019484079
1850,79.38691691830668
1851,79.86557487632864
1852,80.16805016445939
1853,80.03887960086797
1854,79.7615529060639
1855,79.66405620482631
1856,79.63311981044015
1857,79.92345612278577
1858,79.77100225831532
1859,79.31060403112073
1860,79.37815728999439
1861,79.3490590739724
1862,79.32128175670158
1863,80.18207527883864
1864,80.79970343102019
1865,81.52847460918578
1866,81.13432024847693
1867,81.51804906412248
1868,80.67626260447744
1869,80.67626260447744
1870,80.86961476867017
1871,82.07567451423014
1872,82.53721255623807
1873,81.70056822803612
1874,81.74303724393783
1875,81.52086564033526
1876,81.52086564033526
1877,81.4398136054912
1878,81.79153150363292
1879,82.41317909501191
1880,83.19558889352723
1881,84.21041981310817
1882,84.4334436809912
1883,84.43344287482088
1884,84.04193676211392
1885,83.89317054406611
1886,84.36483550331238
1887,84.92197640620995
1888,84.74897574829068
1889,84.85897675765567
1890,84.85897675765567
1891,84.65514220043801
1892,85.28766815090445
1893,85.41064270860015
1894,85.32427319640443
1895,85.26586007410071
1896,86.06747174777054
1897,86.06747175633573
1898,86.1401250802116
1899,86.41179954136042
1900,86.54603119917924
1901,87.18792231892408
1902,87.3151149082175
1903,86.2937042207628
1904,86.31229410428351
1905,86.07084905959299
1906,85.05209979959842
1907,85.85551177610891
1908,85.28605748259167
1909,85.06402161951718
1910,84.37727575902717
1911,84.37343675702525
1912,84.40317941889414
1913,84.34085828154282
1914,84.66951343043478
1915,84.30689521895765
1916,84.34786842617645
1917,84.5238848938586
1918,84.42761718260677
1919,84.39319317902734
1920,84.71437011695913
1921,85.23992447691155
1922,85.53289770590732
1923,84.8005300474322
1924,85.50705675864768
1925,85.54866535647092
1926,85.83816077295873
1927,85.52706838948981
1928,85.4891954511811
1929,85.89802219374569
1930,86.05176968194071
1931,86.04433325839301
1932,86.05333205839312
1933,85.84228631035359
1934,85.495261892119
1935,85.43895175485781
1936,86.35070546868299
1937,87.16549989006063
1938,86.80293275483832
1939,86.78076935545892
1940,86.37444876181236
1941,85.71323711658721
1942,86.62773432717162
1943,85.99286500932875
1944,86.4033278872336
1945,87.14867953253685
1946,87.14867953253685
1947,86.82027788944701
1948,86.1758710735841
1949,85.63569988055757
1950,86.11112117855996
1951,86.53947640553112
1952,86.65007394187815
1953,86.65007394187815
1954,86.6490472723661
1955,85.69061539860299
1956,85.84087555238743
1957,85.62394858991907
1958,86.65297512321246
1959,87.13989686052464
1960,87.13989686052464
1961,87.57116499947809
1962,87.09060174951189
1963,87.84646496997162
1964,88.31138886473892
1965,87.42064584010113
1966,86.72902776012086
1967,86.72902776012086
1968,86.76083698364351
1969,87.27944525576372
1970,87.44628920101587
1971,87.48376046920622
1972,87.11433089502829
1973,86.19420164611537
1974,86.19526536010306
1975,86.2460941176225
1976,86.73245297526361
1977,86.67510736562143
1978,87.58229071286438
1979,86.76511516748423
1980,86.80350178873296
1981,86.85137539477928
1982,86.66042702946278
1983,86.6506360649968
1984,86.70295155112126
1985,86.31538347752111
1986,86.6422063273025
1987,86.77319898238794
1988,86.83664209950997
1989,86.74722719413595
1990,87.1385609789329
1991,86.93574634605766
1992,87.58294163488429
1993,87.14780417279539
1994,86.95178175732246
1995,86.83347300428686
1996,87.04828293667164
1997,87.1916839934083
1998,85.78955305460093
1999,85.60702515954657
2000,84.93032826006625
2001,85.06682292492268
2002,85.06880065967337
2003,84.55235066592016
2004,84.67287233150014
2005,85.30033659120075
2006,85.44149938980591
2007,85.72389900271992
2008,85.17672550913342
2009,85.17672550913342
2010,85.10735275291424
2011,84.39192888163606
2012,84.08947624857362
2013,83.73515014810663
2014,83.8224075807761
2015,83.51305638124725
2016,83.5063371824671
2017,83.68942368473799
2018,83.29752559897787
2019,82.41072134767101
2020,82.29746470847867
2021,82.73426143198883
2022,82.45114143167676
2023,82.46360375422128
2024,82.37679336562756
2025,83.01862633786224
2026,82.22959333640026
2027,81.7772484807866
2028,82.40850136352232
2029,82.47821175898676
2030,82.47821175898676
2031,83.13877735668363
2032,83.08035671989418
2033,83.8812864771301
2034,83.36733635335005
2035,83.23884845935615
2036,83.69658183363279
2037,83.74251847646686
2038,83.48221483579036
2039,84.41024480758972
2040,84.65314637470371
2041,83.95407870055712
2042,83.600494751742
2043,83.80629545381781
2044,83.82292193690175
2045,83.73817827792772
2046,83.85628251778134
2047,83.67065154205402
2048,84.32073152874324
2049,84.15769122472122
2050,83.91667111951018
2051,83.91421130230609
2052,83.9219549318681
2053,84.50647472774538
2054,83.79921368948354
2055,82.76945354176158
2056,82.88721117357846
2057,83.13701019971852
2058,83.13675648413127
2059,83.12770098623933
2060,83.03576639866463
2061,83.83824495343987
2062,83.80237329530515
2063,83.49396478514505
2064,83.09294940179518
2065,83.12862219973567
2066,83.0017905792349
2067,82.89876025135615
2068,82.859528535887
2069,82.46687978083406
2070,82.43773569421685
2071,82.34648856573455
2072,82.32979642878617
2073,82.24813598217173
2074,82.84338301992072
2075,82.43634510682993
2076,83.05534480203154
2077,82.88328638405925
2078,83.22928932606904
2079,83.3155657744405
2080,83.2274236177813
2081,83.167682622886
2082,83.12796669108918
2083,83.24046473042353
2084,84.36611584113116
2085,84.68057251154738
2086,84.6496253878451
2087,84.74659483104391
2088,84.96899575461418
2089,84.53607709679083
2090,84.24503927406951
2091,84.12277108330277
2092,84.4622923783719
2093,84.4613870498296
2094,84.3892874617912
2095,85.02908808695557
2096,85.29447442287925
2097,85.9852266169947
2098,86.27166584156828
2099,86.62842924204483
2100,86.62614970550354
2101,86.49482348212592
2102,87.11493465326126
2103,86.17573818274501
2104,86.21143253857875
2105,85.95823138830961
2106,86.76680281333606
2107,86.83223514936347
2108,86.87875425432851
2109,86.95197053389191
2110,87.07846893754494
2111,87.22492989325268
2112,87.9883740471239
2113,88.27485264725321
2114,88.33862953895145
2115,88.1394825298322
2116,87.90821666267199
2117,88.8712943560679
2118,89.2502407297965
2119,89.11806833405245
2120,88.14002099738866
2121,88.1816433847857
2122,88.11207813247388
2123,88.36279427976197
2124,89.05493184235713
2125,89.10328236679888
2126,88.78089935805868
2127,88.61141121135961
2128,88.63913448977496
2129,88.42032458603175
2130,88.46933636639297
2131,88.0544245908071
2132,88.29836682451162
2133,87.64533574975422
2134,87.86945483522967
2135,87.94836607286143
2136,88.04188249669436
2137,87.87346151919775
2138,87.12284190318479
2139,87.03541647184967
2140,86.03035444012966
2141,86.37052772464489
2142,86.38145666675008
2143,86.52718447409428
2144,86.5432555032672
2145,86.73980588202197
2146,87.43378392423175
2147,86.3065104031016
2148,86.77320271295402
2149,86.79184569928553
2150,86.8600871753208
2151,86.6780842630202
2152,87.01176616264827
2153,86.35205125241524
2154,86.71071824890382
2155,86.97576038395816
2156,86.99879508956097
2157,87.0117236011659
2158,86.34867037707508
2159,87.54891972623429
2160,87.5292044869423
2161,87.63317262348922
2162,88.09296358787734
2163,88.12325220375688
2164,87.63548086195017
2165,87.43431424743333
2166,87.14523281033337
2167,87.59596993344026
2168,87.42754416370114
2169,87.0636215203139
2170,87.08334592473537
2171,87.32151524930332
2172,87.96470874900324
2173,88.59465274118321
2174,88.37824964413242
2175,88.15000290948282
2176,88.88642693669755
2177,88.89892546581167
2178,89.10383044870738
2179,89.06539360078617
2180,89.51586421043262
2181,90.41711771584019
2182,89.36509556045523
2183,89.39657374029208
2184,89.402826607735
2185,89.73813472285538
2186,88.88797160030856
2187,88.71894356771901
2188,88.79714610370776
2189,88.43314518018964
2190,88.30746062576512
2191,88.32726743445807
2192,88.52254748212103
2193,88.46976557896552
2194,88.62293684455831
2195,88.88790978756785
2196,88.05219203658734
2197,87.7459968115168
2198,87.74626356891622
2199,87.74608126867741
2200,87.5940544209411
2201,87.67032187551233
2202,87.92814576288451
2203,88.0407208915895
2204,88.40671099205707
2205,88.46072896444784
2206,88.41320122682613
2207,88.19606438552496
2208,88.28347514630977
2209,88.81866795094197
2210,88.9343382615578
2211,88.93159933283576
2212,88.96223961155863
2213,89.2201197270163
2214,88.74132662533766
2215,88.7919703381019
2216,87.72338565509834
2217,87.61367239327944
2218,87.46073665383744
2219,87.53635139161949
2220,87.37627699363443
2221,87.17492105350922
2222,87.24165770642597
2223,87.83359090503949
2224,88.14876730768377
2225,87.45911313246721
2226,87.48651257020737
2227,87.54706430861404
2228,87.64858703400142
2229,87.2661114935653
2230,87.66819711408853
2231,87.28451813221974
2232,87.15448603970586
2233,87.25385504233408
2234,87.12664352025162
2235,86.6952742107098
2236,86.71973204326173
2237,85.820462429054
2238,85.94999444693418
2239,85.0225123999866
2240,85.02568907785125
2241,84.81506866564875
2242,85.21647162390484
2243,85.40560791975973
2244,84.93653442430887
2245,85.02508031924161
2246,85.12429624334429
2247,85.17534829281792
2248,85.18199180375991
2249,84.74508161911213
2250,85.10065177304571
2251,84.93078385198557
2252,85.31721006894553
2253,85.59493991940839
2254,85.6047786192045
2255,85.84576791622955
2256,85.73592550114121
2257,85.71704915697087
2258,85.1715951615101
2259,85.20551858535593
2260,85.39291409379386
2261,85.43729072314578
2262,85.43179711773607
2263,85.67786249766046
2264,85.98841809078486
2265,86.26418456398206
2266,86.34510027298869
2267,86.26641541467721
2268,86.28922991567485
2269,86.41782460529132
2270,86.48237208529193
2271,86.65246846497631
2272,87.06386065992467
2273,87.51865507635593
2274,87.5658946070803
2275,87.67361389825496
2276,87.60942285887835
2277,87.705758721075
2278,87.7036670647935
2279,88.21780029246253
2280,88.17431351032658
2281,88.15348960634819
2282,88.2233577884037
2283,88.11994312161376
2284,88.1558926011532
2285,88.10852434583619
2286,88.32587209189178
2287,88.89126882178698
2288,89.09067068678158
2289,89.16525703978455
2290,89.12911519960795
2291,88.95919590947805
2292,88.26213243062055
2293,87.64719762082439
2294,87.95796257329988
2295,88.08482165679365
2296,88.11936483248053
2297,88.06777299640393
2298,88.24441914535815
2299,88.18046490119046
2300,88.98258694712605
2301,89.07690676835335
2302,88.71056508469682
2303,88.75056002144633
2304,88.75947525035832
2305,89.05514988635588
2306,88.31722633806301
2307,88.19859011160491
2308,88.27324310057504
2309,88.26760368215123
2310,88.27402962084467
2311,88.35676628300058
2312,88.37503146126306
2313,88.27697999487188
2314,88.19637277354401
2315,88.13815643742561
2316,87.49197182665942
2317,87.47029442630478
2318,87.17535319630507
2319,86.080055241934
2320,86.73245166305618
2321,85.52889397187232
2322,84.71603133381056
2323,85.16148341878777
2324,85.22968949083295
2325,85.275779914775
2326,85.61239590237774
2327,84.90972536131962
2328,84.70518661578491
2329,84.48477800571825
2330,84.31641722009851
2331,84.32622748713202
2332,84.26362128566997
2333,84.59000656345528
2334,84.81983822154348
2335,84.08452257638113
2336,83.91948893219269
2337,83.98385485617858
2338,84.00239157524148
2339,84.1191599394765
2340,84.24477246434992
2341,83.91483837128854
2342,82.97827567304167
2343,82.62167240935914
2344,82.28564852506273
2345,82.29846508963425
2346,82.0509110868252
2347,82.70039093411093
2348,82.36730812004471
2349,83.30223147836709
2350,83.09061309369788
2351,84.02172388090038
2352,84.0489994469748
2353,84.23181057055665
2354,83.85645299315244
2355,83.88979860567248
2356,83.84704448238827
2357,83.00669730581062
2358,81.96341482750968
2359,81.95557387801017
2360,81.95913166080628
2361,81.90411959803396
2362,82.06352205307735
2363,82.55589775831818
2364,80.95493907082975
2365,80.79828698786167
2366,80.79323260773359
2367,81.01554221202278
2368,82.01092318874144
2369,81.27193532234288
2370,82.0059636670046
2371,82.0107237637623
2372,81.80514683541944
2373,81.82008667178285
2374,81.86886965240441
2375,81.16065421752697
2376,81.95324566155637
2377,82.62301268965736
2378,82.29409323293017
2379,82.28170103384988
2380,82.21222018257531
2381,82.33889868813174
2382,82.38369430730029
2383,83.35730196017364
2384,83.13076861753586
2385,83.37104359174234
2386,83.53734216019579
2387,83.55527952487347
2388,83.75177967431263
2389,83.39607596815563
2390,83.30628691370757
2391,83.79506905589727
2392,83.17013695172507
2393,82.81269230920527
2394,82.76481814211817
2395,82.81233182461698
2396,82.8702683817221
2397,82.95222779306539
2398,82.990307276801
2399,82.78143749409507
2400,82.84502025082801
2401,82.86089609010038
2402,82.81826350316564
2403,82.55011029870727
2404,82.41652954661411
2405,82.4208144375566
2406,82.32196550350638
2407,82.43491018488983
2408,82.4579011130769
2409,82.31505372399133
2410,82.09697807724238
2411,81.39934837391006
2412,82.11872070807779
2413,82.55658586942539
2414,82.7237686140852
2415,82.72322154585206
2416,82.75926557870626
2417,82.77620093025978
2418,82.56406078477538
2419,83.16207446522206
2420,83.38531581185349
2421,83.39832601499609
2422,83.4025003839108
2423,83.61862889670267
2424,84.33827790278376
2425,84.11116683950372
2426,83.34045693191977
2427,82.95923492694364
2428,82.82031057800285
2429,82.915819617002
2430,83.02497126565504
2431,82.73940548637268
2432,81.29959043707426
2433,82.5024541653193
2434,82.42161606399823
2435,83.10356403427257
2436,83.090299838479
2437,83.14465708336962
2438,84.33530841800768
2439,83.95294593036714
2440,84.59375479886478
2441,83.71988779502963
2442,83.49446133325156
2443,83.46949330572095
2444,83.40455603499628
2445,84.14046900949033
2446,83.84993789918835
2447,83.64588567022962
2448,82.79499634817967
2449,82.57241990439006
2450,82.53786731908322
2451,82.49583459187836
2452,81.72132115493218
2453,81.5228264302914
2454,81.53914481431597
2455,81.32049926245047
2456,82.0189095895676
2457,82.01618413125941
2458,81.96894567910078
2459,81.42907132386881
2460,81.58179558437315
2461,81.11608580864576
2462,81.36021040001448
2463,82.11221195545342
2464,82.16111395015145
2465,82.10397232920832
2466,81.5542494629167
2467,81.65069709896913
2468,81.7570104088416
2469,81.86447313982835
2470,82.26610452173223
2471,82.24838616826653
2472,82.30416249623524
2473,83.07571907106404
2474,82.3743118031924
2475,82.65752096175625
2476,83.64229728904937
2477,83.63136168401563
2478,83.63754591926728
2479,83.5837905329966
2480,83.51220175171139
2481,83.56229613919977
2482,83.65218764488823
2483,82.91847903014568
2484,82.81138433615187
2485,82.9050399361124
2486,82.73992151932394
2487,82.45617453400244
2488,82.8003958256939
2489,82.87957849602373
2490,82.21788932949943
2491,82.35736562392927
2492,82.36754455865989
2493,82.28542069517817
2494,82.41373097278581
2495,83.12919786114048
2496,82.85144964765405
2497,82.38957138473805
2498,82.47404844118417
2499,82.51393750036458
2500,82.44806853588985
2501,82.42692468156393
2502,82.84669582351043
2503,82.55143230938467
2504,82.08845344403325
2505,81.2943394386067
2506,81.14294317734664
2507,80.81674764088102
2508,80.57313685182527
2509,80.68851449609325
2510,80.16515553687084
2511,80.75792820593158
2512,81.05522421063384
2513,81.06604737312354
2514,80.93299158696094
2515,80.85337694343802
2516,81.2610403050486
2517,81.31617560431413
2518,80.8773403605183
2519,81.6569515437897
2520,81.71367127443989
2521,81.91970448865057
2522,81.85637171591314
2523,81.77112999777037
2524,81.8597649200512
2525,80.80532988593312
2526,80.03004712723401
2527,80.06702359646525
2528,80.10930693448677
2529,80.26372753852735
2530,80.25560014171586
2531,80.39263870447591
2532,79.65418707293172
2533,79.08742913145826
2534,79.08717487375272
2535,79.10663494122899
2536,79.20658871670246
2537,79.56197273590793
2538,79.94910831069149
2539,80.72403935307777
2540,80.28879945550447
2541,80.35040828148901
2542,80.19041631975364
2543,80.008308715496
2544,81.34505570823463
2545,81.73036828555267
2546,82.15587389636887
2547,82.33363231636572
2548,82.25329311927396
2549,82.08129997717121
2550,81.98557322594357
2551,82.09041027953481
2552,82.00027927914823
2553,81.87077841662908
2554,82.27539314001201
2555,82.33211532598911
2556,82.38991805658169
2557,82.54525638273971
2558,81.82740297093996
2559,81.435699357077
2560,80.8297660416199
2561,80.40209496114474
2562,80.40896340443503
2563,80.39518242577972
2564,80.19217621697125
2565,80.5884871353025
2566,79.36590036348578
2567,80.04812535161136
2568,79.99176943586485
2569,80.0256471167565
2570,79.92898289717458
2571,79.99297456571557
2572,80.38958014933114
2573,80.27798271781184
2574,79.81128138819075
2575,80.28074231979706
2576,80.33709486740071
2577,80.19970197196214
2578,79.94182141535865
2579,79.92614477608534
2580,79.29930771431762
2581,79.7515447763373
2582,79.49561214258942
2583,79.48925487636723
2584,79.61637597840456
2585,79.52616863390193
2586,80.45349338192413
2587,80.12911052530947
2588,81.40147947699526
2589,81.81346847578722
2590,81.70039549037372
2591,81.63172348368526
2592,81.8718649284241
2593,82.30284036918995
2594,82.80609276787867
2595,82.98619656524684
2596,82.4673487326659
2597,82.44643785784594
2598,82.46714180817605
2599,81.77816054787765
2600,82.49993238522151
2601,82.33040607208856
2602,82.78236280262074
2603,82.96487846493874
2604,82.91031048567403
2605,82.68448793906067
2606,82.2279039911175
2607,81.52515803731458
2608,82.2589048055689
2609,82.1036115385945
2610,81.90793600548017
2611,81.93152485317118
2612,81.86152867695554
2613,82.18197870183366
2614,82.43347793476835
2615,83.12563942022523
2616,83.22001732756176
2617,83.18127300849441
2618,83.17239274075958
2619,84.07170809880759
2620,83.7531379357854
2621,82.97581971351701
2622,82.28435412091814
2623,81.684368441351
2624,81.40006298997366
2625,81.34088359162392
2626,80.9881092123232
2627,81.58279281819604
2628,82.00102601624984
2629,81.9744256646964
2630,82.22496691254355
2631,81.64363893633248
2632,81.61116207835231
2633,81.55977109615036
2634,81.1672251277801
2635,81.06228537451463
2636,80.15697456740669
2637,79.31256455053722
2638,78.41863581761696
2639,78.50321774180894
2640,78.4786698579535
2641,77.95553804759346
2642,77.99018358119464
2643,78.89978728585027
2644,78.19338804371837
2645,77.91371153910927
2646,77.85562708924843
2647,77.92907330085941
2648,77.33947531949556
2649,77.49421735444328
2650,74.53157468354756
2651,75.75703492788782
2652,77.49402252295057
2653,77.41306870932833
2654,77.50755944310211
2655,77.79247397303487
2656,78.11478186573065
2657,77.82531070822634
2658,78.03342997850996
2659,78.46867836473184
2660,78.4952800400888
2661,78.31599175584392
2662,78.11708331442077
2663,78.4915156674722
2664,78.39872134707261
2665,78.66996314571855
2666,78.86122116491238
2667,78.88712296773883
2668,78.7451884089654
2669,78.70709858558845
2670,78.07377709235064
2671,78.441448899172
2672,77.86690224218047
2673,78.96108367392452
2674,78.86366711690832
2675,78.74550087741245
2676,78.48794456917173
2677,78.50554133556773
2678,79.24509871445679
2679,79.33756020698257
2680,79.5913230874601
2681,79.59230679831892
2682,79.5234387339613
2683,79.52154305105223
2684,79.82521868104341
2685,78.38803804258173
2686,78.04321670242332
2687,78.21049251213374
2688,78.0089905615665
2689,78.16924482787294
2690,78.1589488113632
2691,78.70661393914686
2692,78.85752662815305
2693,78.7176860430818
2694,79.12111447849965
2695,79.10497577260968
2696,79.19577860875833
2697,79.05100646412991
2698,79.45294593911665
2699,79.60063573576132
2700,78.87184691617117
2701,79.0889184659298
2702,79.07736134561314
2703,79.47499148896928
2704,79.81137417186473
2705,79.71677417019771
2706,79.44168507688144
2707,79.28024424943773
2708,79.41425137344393
2709,79.42674879446913
2710,79.66337352168772
2711,79.45573762230865
2712,79.47751012356727
2713,78.68924967910516
2714,78.59468995377661
2715,78.57516283254729
2716,78.52573361946978
2717,78.36792099758972
2718,78.94617991639967
2719,78.78533406955937
2720,79.00155494358047
2721,79.15935122051523
2722,79.21501458098003
2723,79.20523452305677
2724,79.20938948641394
2725,79.2676208085216
2726,79.16883133119451
2727,79.12308667364084
2728,78.95923387256478
2729,78.01963366615962
2730,78.05972164705834
2731,78.1360614256062
2732,78.49635438034149
2733,79.0878671769146
2734,78.44741352338654
2735,78.54537172255328
2736,78.82378581880799
2737,78.86672808599327
2738,79.13888990681147
2739,79.42624294964413
2740,78.7587410791453
2741,79.49425424207931
2742,79.57523769145328
2743,79.56761954523172
2744,79.57920640599482
2745,79.51230804106707
2746,79.57008907646114
2747,79.38091456816773
2748,79.7440462904837
2749,79.70432895547022
2750,80.47103316766447
2751,80.47561492298995
2752,80.52873684291086
2753,80.48966006580449
2754,80.4238746169578
2755,80.56397472193198
2756,80.23123187250198
2757,80.28642866419551
2758,80.26023182144999
2759,80.18620023047328
2760,80.0572258177082
2761,79.57716697067468
2762,78.86132614290878
2763,78.50526716123451
2764,78.68338416462154
2765,78.71302876232106
2766,78.8227787372181
2767,78.99689596693379
2768,78.74277437413386
2769,78.37967505322477
2770,78.20250208362515
2771,78.15847800648119
2772,78.18861134989517
2773,77.38046838939123
2774,77.657591422469
2775,77.4716304414858
2776,77.1326389969904
2777,76.91724811058417
2778,77.15884730770009
2779,77.1507801954216
2780,76.79190211814179
2781,76.019731638193
2782,76.28546188890901
2783,76.0259518360636
2784,75.91084275349513
2785,75.58516743361947
2786,75.75834080517048
2787,76.22628324284666
2788,76.38045099711637
2789,76.30503429794082
2790,75.99950726082899
2791,75.79375185274095
2792,75.87468908761
2793,75.90504911984343
2794,76.02511010723303
2795,75.97367782524256
2796,75.91694247801627
2797,75.98353904954061
2798,75.73074790275952
2799,75.27753236376333
2800,75.30782418766321
2801,75.177080822014
2802,75.51969671593747
2803,75.87065197649673
2804,75.70099497326419
2805,75.85477574830306
2806,75.8900680366833
2807,75.91434045167149
2808,76.05990402345735
2809,75.63099236695884
2810,75.71833538630246
2811,75.3837645694641
2812,75.07643730821664
2813,74.80976359585374
2814,74.77306528010483
2815,74.88382075784459
2816,74.57440840281585
2817,74.89047637848489
2818,74.63980805947644
2819,74.46456270318484
2820,74.55877324445144
2821,74.55146256595495
2822,74.66235993624271
2823,74.94757275008415
2824,74.78316002126277
2825,75.45118582610084
2826,75.68518561952541
2827,75.95144322785622
2828,75.98990184878707
2829,76.30687848074496
2830,75.65628024755746
2831,75.6150111826292
2832,75.97765254093672
2833,75.93610183669705
2834,76.04638747632683
2835,75.90598641809613
2836,75.93386479344372
2837,75.9917602198996
2838,75.6257683051156
2839,75.60595814486642
2840,75.88012516055217
2841,76.05112192963078
2842,75.94618923451775
2843,75.86593549303136
2844,76.15192415419614
2845,76.11025507283809
2846,75.87574428818212
2847,76.08470440566084
2848,76.03192700770238
2849,76.03187644876864
2850,76.13197678213612
2851,76.05679582023153
2852,75.92569168267825
2853,75.69845572396241
2854,75.7315904074702
2855,75.27968280943259
2856,75.29100594855652
2857,75.21746989725317
2858,75.32075876871365
2859,74.8314427898566
2860,74.7096966579629
2861,73.32651447809407
2862,72.68802731879971
2863,72.68135005136257
2864,72.57966170046315
2865,71.60836063546223
2866,72.06557325067128
2867,71.92628961164272
2868,72.2856792388456
2869,71.91338274272772
2870,71.93765218811639
2871,71.62578021591005
2872,71.35878526025704
2873,72.65077225751205
2874,71.71223567408995
2875,72.05420435814415
2876,72.3073045510804
2877,72.28789111086778
2878,72.41984468788267
2879,72.26133648138233
2880,72.18667967349616
2881,72.50642400967412
2882,72.12836631362447
2883,71.26858023416706
2884,71.28835059923556
2885,70.55848266431933
2886,71.99896260254054
2887,71.59455749763846
2888,71.65272269966641
2889,71.89072018830971
2890,71.74044401395678
2891,71.77791277375279
2892,71.58458093721589
2893,71.47166004068839
2894,71.7962890724219
2895,72.48644666398087
2896,73.11237264957185
2897,73.30957507447457
2898,73.37045686769247
2899,73.41605664633079
2900,73.84385662174763
2901,73.98487345274026
2902,74.44085113079885
2903,74.43655537167896
2904,74.45012978464231
2905,74.50429494643593
2906,74.32291241612492
2907,74.4340878877688
2908,74.40592080537213
2909,74.2045703121801
2910,73.59114936204405
2911,73.01016410135755
2912,72.96131071438744
2913,73.0631293281283
2914,73.11950000082773
2915,73.05344097306123
2916,72.95209393254936
2917,72.97122874721913
2918,73.18145284250365
2919,73.19983987157356
2920,73.17292241887796
2921,73.14478191030231
2922,72.4753423319428
2923,72.08894348070626
2924,72.27162367243388
2925,72.59839394834643
2926,72.5983784099096
2927,72.40012279403638
2928,72.39656244791986
2929,72.16831543650463
2930,72.17813356974324
2931,73.15290336478647
2932,73.78151330700435
2933,73.75719716618273
2934,73.9073197789073
2935,73.62651384124841
2936,73.6707142757633
2937,73.61986290792674
2938,74.30577915855557
2939,74.50315598613821
2940,74.52583114175528
2941,74.43016018937962
2942,74.80674587341885
2943,74.62281194400569
2944,74.61158781805362
2945,74.21679410058604
2946,74.32007903330056
2947,74.32214351420282
2948,74.38239300800885
2949,74.72176184797492
2950,74.83583713007322
2951,75.23279213891469
2952,74.63293325468652
2953,74.91936480240251
2954,74.9545350634217
2955,75.02752744977687
2956,75.07950500315599
2957,75.3991211802802
2958,75.09680554418765
2959,75.58375772275713
2960,75.13614609263259
2961,75.0920788379105
2962,75.0973924924147
2963,74.87250803834478
2964,74.76158243402095
2965,74.60390506015212
2966,73.82578965981293
2967,74.36959789361485
2968,74.34794850898713
2969,74.2762665747046
2970,74.14352511666073
2971,74.20886053953419
2972,73.93284255624091
2973,73.90703821902842
2974,73.9070294224612
2975,73.92852715179644
2976,74.04400276574863
2977,74.04372717602158
2978,74.23001403175066
2979,74.19967425546973
2980,74.3094216768994
2981,74.23999061148139
2982,74.21440953210112
2983,74.28405555752099
2984,74.52548473554559
2985,74.60946154980279
2986,74.73994967566364
2987,74.48797272525441
2988,74.48635899816954
2989,74.4520949500464
2990,74.4420645477027
2991,74.3058300020657
2992,74.27384160247338
2993,74.76540926290139
2994,75.9690911014125
2995,75.37509522054754
2996,75.4040362720935
2997,75.39490142430328
2998,75.51842292618068
2999,75.22144850797552
3000,75.28638515878433
3001,75.55838713038874
3002,75.72571645165652
3003,75.74184289344818
3004,75.78808671014566
3005,75.93270700583716
3006,75.89425582454056
3007,75.93068373355571
3008,76.30559605815661
3009,76.62365449392313
3010,76.5806077945443
3011,76.61929339507621
3012,76.42793961793201
3013,76.74032211693853
3014,76.49966085891752
3015,75.99937964261031
3016,75.30889958974532
3017,75.36956947890734
3018,75.1710699766493
3019,75.39462317861408
3020,74.29123857930924
3021,75.14537571534437
3022,75.23940191859886
3023,75.70615349123914
3024,75.7873996427322
3025,75.79606936325058
3026,76.072661512662
3027,75.94350362059194
3028,76.09401547647167
3029,76.20291924476996
3030,75.93020655653717
3031,75.95064048552955
3032,76.02019066512202
3033,75.9582300654437
3034,75.44427294168388
3035,75.2711548914171
3036,75.11651923734998
3037,74.7828769559798
3038,74.7810173586977
3039,74.20415823066223
3040,73.84140421760966
3041,74.0105493194477
3042,73.7815062418292
3043,73.22282460872103
3044,72.69068087169235
3045,72.71374385913319
3046,72.72460807272252
3047,72.85698143678853
3048,73.8649863973047
3049,74.33525897622634
3050,74.2217368453978
3051,73.43909686251372
3052,73.46716451483982
3053,73.33996109254079
3054,73.62498955351982
3055,73.9953895270608
3056,73.93607743607218
3057,73.96169390801025
3058,73.92808003967575
3059,73.89062648754603
3060,74.03606161125236
3061,73.89237518923453
3062,73.77135468275658
3063,74.49070928322169
3064,74.24249160969616
3065,74.09816959262547
3066,74.11975618672332
3067,73.90145839675779
3068,73.48453732861296
3069,73.03074776087311
3070,72.43728634357672
3071,72.35703678307472
3072,70.53642310986992
3073,70.61594942930105
3074,70.37640925859397
3075,71.22712478506968
3076,70.65297016945199
3077,71.55574033856617
3078,70.48336183955615
3079,70.20675234807402
3080,70.17483517592453
3081,68.94172048446146
3082,68.24185591858462
3083,68.37555913845017
3084,67.92237560630343
3085,65.8351896730786
3086,66.74828302947266
3087,66.90060153822314
3088,66.06915763272703
3089,64.98485384169726
3090,64.53084573854629
3091,63.10774459924103
3092,64.09300696881627
3093,64.34872085225012
3094,64.45097024865206
3095,63.73922031690807
3096,65.31649349802133
3097,66.58616054060424
3098,65.66270717900662
3099,66.5368750912215
3100,66.64438278444976
3101,66.6905162502833
3102,66.55564959683946
3103,66.82437805531444
3104,66.17112958045237
3105,65.52482085497608
3106,65.6702857108354
3107,65.2390837706345
3108,65.23936629413822
3109,65.34253930914984
3110,66.95367306994324
3111,67.06628614971602
3112,68.10164339431154
3113,68.93612366852916
3114,68.9524858748908
3115,68.96499445961202
3116,68.82772343165283
3117,69.07259152084741
3118,69.10457587271887
3119,68.08663841807268
3120,68.83577092290174
3121,68.64870894073081
3122,68.61481278836546
3123,68.44476156845755
3124,68.51066160160008
3125,67.97698892409232
3126,68.08908873451006
3127,68.83906984181088
3128,68.90328823716685
3129,68.90877285603052
3130,68.95382608341876
3131,69.37901687266937
3132,69.6011255761172
3133,70.07480990842478
3134,69.8609478268281
3135,68.56655694879097
3136,68.8476268007638
3137,68.25269473915593
3138,68.76490611371334
3139,68.66607035790904
3140,68.04443330004726
3141,69.3621436413215
3142,69.7045947912356
3143,69.80687839312787
3144,70.07013906498325
3145,69.93349633181302
3146,69.3614123875052
3147,69.20385984549998
3148,69.66860378725372
3149,68.8399977009766
3150,68.86257212283869
3151,69.07713436158294
3152,70.2454203292192
3153,70.69940155934684
3154,71.12224303192106
3155,70.87023021594307
3156,70.55098109823525
3157,70.53505172731228
3158,70.71295921904621
3159,70.69695727402177
3160,71.64193001674562
3161,71.5612130200694
3162,71.59770246053384
3163,72.04674086741883
3164,72.03673066669548
3165,71.92708756925941
3166,73.15470920593853
3167,75.43860333025445
3168,75.69746689967789
3169,75.94306212462915
3170,76.554353037787
3171,76.53903718025225
3172,76.95878780555239
3173,76.35278195960578
3174,75.01493650966171
3175,74.73750401297043
3176,73.14230428450482
3177,73.90275635808406
3178,73.90119437408661
3179,73.43248493842404
3180,74.97891912793588
3181,74.25226389684663
3182,73.708807352525
3183,73.56525286843414
3184,73.23658275487365
3185,73.23484982598407
3186,73.0651888254423
3187,74.29510463348483
3188,74.06764586727896
3189,73.5848619821156
3190,73.99995267843516
3191,73.79497735409795
3192,73.76862345515086
3193,73.75386714635628
3194,74.1317652216336
3195,74.70893682339089
3196,74.39412731905085
3197,74.57094947885707
3198,74.81976514037973
3199,74.84307552106073
3200,74.94965973554999
3201,75.08104965382734
3202,74.87442919714307
3203,75.13895791558187
3204,74.81666533725937
3205,74.50241790679858
3206,74.4916985330621
3207,74.49362404793011
3208,74.62047337196549
3209,75.11530750416136
3210,75.10952285876219
3211,75.04684676214683
3212,75.06442277548686
3213,75.06683640696527
3214,75.19494230862607
3215,75.47484674028657
3216,76.42655873677002
3217,76.70098236211338
3218,76.04842655267637
3219,75.58695932203753
3220,75.59742081920801
3221,75.4334922587276
3222,75.55625516713542
3223,75.43190223372805
3224,75.52071323181612
3225,75.59456229783785
3226,75.78734820024503
3227,75.78290646849415
3228,75.85191130105375
3229,75.65975283715089
3230,75.98515138804713
3231,76.19189528391013
3232,76.55269295865605
3233,75.9956054678455
3234,76.00492187810018
3235,75.95418177558946
3236,76.02435359296821
3237,76.29925786571408
3238,76.72423206322941
3239,76.67456189348695
3240,76.62949971998702
3241,76.62334745192592
3242,76.83118962308514
3243,76.67155491455941
3244,76.5433137420447
3245,76.42538654473279
3246,76.33040094157654
3247,75.94047802216946
3248,75.93196189315707
3249,76.00987781397845
3250,76.18199725677427
3251,76.79067662808399
3252,76.89047991748443
3253,77.71549851609574
3254,77.80299659873565
3255,77.79267048435395
3256,77.98166957566433
3257,78.40097259528208
3258,78.32594352679148
3259,78.04575381124234
3260,77.13813217596444
3261,77.56020966962377
3262,77.57837447219717
3263,77.60683063292255
3264,77.58723533472869
3265,76.58809781014543
3266,77.49394901599294
3267,77.27108333127129
3268,77.49436310243266
3269,77.49280862883396
3270,77.47939717846141
3271,77.20429118484508
3272,77.0958268129605
3273,76.84421085945107
3274,76.76358426866604
3275,76.43800678584442
3276,76.42725283872045
3277,76.42755911786747
3278,75.87269514848089
3279,75.54809794476246
3280,74.61476882645711
3281,74.58559487343491
3282,74.39132474835557
3283,74.37732144439416
3284,74.5353542240975
3285,74.99873777052503
3286,75.68070426133511
3287,75.75520235197648
3288,75.9885535889307
3289,75.6128841319272
3290,75.60790426176005
3291,75.89332812894027
3292,76.22780764381258
3293,75.30558469841786
3294,75.82220949892496
3295,76.26222653194475
3296,76.57307925694714
3297,76.67502807989189
3298,76.50877595637319
3299,76.13528529407968
3300,75.75257661681654
3301,75.2775139099562
3302,74.86845330975855
3303,74.79744932803196
3304,74.80303331743177
3305,74.97766483790468
3306,74.57724277993529
3307,74.54925902190062
3308,74.56725718231516
3309,74.96439755020856
3310,74.9446971468935
3311,74.9647225071173
3312,74.85573614598104
3313,74.79277484309338
3314,74.67141092562237
3315,73.78404730349986
3316,73.79220603976819
3317,73.73844294387665
3318,73.74895926636954
3319,73.4897423474637
3320,74.06058830990396
3321,75.4134974571513
3322,75.1635314091003
3323,75.42693738070116
3324,75.2458566644131
3325,75.22730606573116
3326,75.44156607124694
3327,76.70726977965647
3328,76.83954853106061
3329,76.96379906907282
3330,76.26434090547917
3331,76.27109742005258
3332,76.27771341319868
3333,76.51686763949108
3334,76.71204586927723
3335,76.19630158131662
3336,76.04914676831494
3337,75.66298036131035
3338,76.05195777405146
3339,76.04969417159512
3340,76.1296510263262
3341,76.44857079372588
3342,77.18641525053656
3343,77.08402545170065
3344,76.89190949641355
3345,77.09020024252213
3346,77.06989505754893
3347,77.21744619317
3348,76.9358233510536
3349,77.1795072948265
3350,77.64776732087513
3351,77.41978586737743
3352,77.54902420999824
3353,77.52583090690986
3354,77.62842029295133
3355,77.33469085298243
3356,77.34999658555546
3357,77.70753754866058
3358,78.5713915676944
3359,78.55216220428807
3360,78.55758586719217
3361,78.68505832954675
3362,78.57917943530026
3363,78.49839228419927
3364,78.52383953295887
3365,78.7319936101838
3366,78.96688446841412
3367,78.94946840793484
3368,78.6945280682686
3369,78.47525245948376
3370,78.3721803469886
3371,78.67984055261833
3372,78.91364479000718
3373,78.78508434762207
3374,78.80631852507022
3375,78.99345909463278
3376,78.88834494097284
3377,78.99721306528902
3378,79.48884643147765
3379,80.10149708503221
3380,79.50563149152836
3381,79.44091015874514
3382,79.80755236337673
3383,79.27845562812531
3384,79.91058067305092
3385,80.71864132636962
3386,80.82954785936396
3387,80.91608733752828
3388,80.83706329347825
3389,80.50999542670172
3390,80.45421126796957
3391,80.86322198653579
3392,80.62414395012918
3393,80.92719008759653
3394,80.12779894974899
3395,80.00074270947395
3396,80.08388955317457
3397,79.89180978124882
3398,80.32569149877605
3399,80.50279498542548
3400,80.51757785003291
3401,80.23623911863984
3402,80.25190842708064
3403,80.26600578140781
3404,80.25366279755826
3405,80.52201791859729
3406,79.8396853410869
3407,80.18771599826498
3408,80.19191653144506
3409,80.21109125437681
3410,79.96397821218603
3411,80.25903514941919
3412,80.10016623705191
3413,80.35154613715135
3414,80.44406606093828
3415,81.09536920917178
3416,81.077527173724
3417,81.12035097145305
3418,81.29165677163951
3419,81.1436269253537
3420,81.00802034413842
3421,81.38007582924295
3422,81.61780857122298
3423,81.59340393150786
3424,81.76696355904903
3425,82.2389247536457
3426,82.29417935890504
3427,82.3270898313165
3428,82.25660437908606
3429,83.2189718090789
3430,83.25217067629619
3431,83.42036305744358
3432,83.30054597870556
3433,83.45869128902898
3434,84.69671977066774
3435,83.85854110075013
3436,82.33785058943253
3437,82.32161765777397
3438,82.76252428746363
3439,83.23588286792157
3440,83.73117439655745
3441,83.23522426102134
3442,83.4796728222103
3443,83.4574720151914
3444,83.50940820125727
3445,83.76846011329351
3446,83.59718742777432
3447,83.97180446890438
3448,84.01824664650768
3449,84.725722746612
3450,84.77209938642561
3451,84.76212016170412
3452,84.89301434106554
3453,84.74983227416166
3454,84.64510323167666
3455,85.28229223846185
3456,84.65622129289224
3457,84.2910187566237
3458,84.34020925325783
3459,84.2654993644672
3460,84.44354295066559
3461,82.73092083007079
3462,82.76380385885456
3463,83.10201118211275
3464,83.71680469358257
3465,83.75799095644165
3466,84.0352743507878
3467,84.1097078627074
3468,84.12345169624972
3469,84.3050193479365
3470,84.44863627689156
3471,84.41734821419672
3472,84.43383531044243
3473,84.52661262603054
3474,84.56964454149566
3475,84.35575763599772
3476,83.8326256283738
3477,83.90481127578218
3478,83.76895414700446
3479,83.77979069870648
3480,83.83653194612127
3481,83.61407040725508
3482,83.49838195164337
3483,84.30226950523117
3484,84.4331196811369
3485,84.36399428098932
3486,84.35967361008116
3487,84.10143705038595
3488,84.1348519343777
3489,83.67049966065048
3490,83.97058693291909
3491,83.38632034916787
3492,83.65123796345436
3493,83.72522028814079
3494,83.74391759198068
3495,84.5493409438284
3496,84.67086651799842
3497,84.84862390449946
3498,84.88618436924172
3499,84.42465579501177
3500,84.55804508707095
3501,84.56261720738924
3502,84.83495210187728
3503,84.5233389697996
3504,84.85708014214528
3505,85.11693064958625
3506,85.38635686110723
3507,85.34791870835699
3508,85.51264603502311
3509,85.50381282443037
3510,85.4137500655192
3511,84.98575432232161
3512,84.8053988810132
3513,85.2512976547445
3514,85.24095791382354
3515,85.28325276790895
3516,85.10262283290159
3517,84.98302743970604
3518,84.555678599984
3519,84.77119299220645
3520,84.45916091459615
3521,84.41217424095346
3522,84.36069515852373
3523,84.57585597595434
3524,84.50259826928713
3525,84.67845199497447
3526,85.20960144614136
3527,84.99413242080217
3528,84.90644264747506
3529,84.9277031033285
3530,84.99051301739847
3531,85.09722345057348
3532,85.06741107108432
3533,84.69362990967497
3534,85.01110388010638
3535,84.9954193924726
3536,85.05074332160278
3537,84.95464946395101
3538,84.90231114019319
3539,84.91740516543547
3540,84.95658459004191
3541,84.71340100180578
3542,84.72046481660767
3543,84.7619594134676
3544,85.05950851072402
3545,84.79694111734813
3546,84.53784339182332
3547,83.56748920660348
3548,82.64543116016631
3549,82.65060275624742
3550,82.86839896776071
3551,83.35776417044364
3552,83.78766244679302
3553,84.24591611890702
3554,84.30416960215767
3555,84.30743873009133
3556,84.32478188768744
3557,84.3369387991931
3558,83.89878997578559
3559,83.25118186900276
3560,83.51610118427179
3561,83.4895840718375
3562,83.75525740486178
3563,83.79397641239478
3564,83.75022305039087
3565,83.84184968705758
3566,83.09637868774364
3567,82.98356776052489
3568,81.80469797327257
3569,82.58374030437307
3570,82.57872769944824
3571,82.75860187841457
3572,82.70925654317351
3573,82.4802883933875
3574,82.46441938478124
3575,81.69693913296605
3576,81.6445848851159
3577,81.61539695791413
3578,81.36857605312146
3579,80.57771553972508
3580,80.86357231993101
3581,81.24489724213022
3582,81.49098117953697
3583,81.6333236915499
3584,81.6174316300971
3585,81.6512677544499
3586,81.6591419917372
3587,81.08168998502632
3588,81.26276854037272
3589,81.1020469296179
3590,80.75422270367014
3591,80.75658088605539
3592,80.7400480853105
3593,80.63055511477044
3594,80.82347051473992
3595,81.05286414001179
3596,81.44792344777613
3597,81.29734696157864
3598,81.30295899260567
3599,81.07282626873113
3600,81.05787171131045
3601,81.41247058418031
3602,81.54802879626747
3603,81.23909583954062
3604,80.97721396490158
3605,80.959674552923
3606,80.93907406863435
3607,80.41246403705799
3608,79.6767535426963
3609,79.62380927949249
3610,78.6337336395896
3611,78.50055756759203
3612,78.50343816530699
3613,78.5944666042892
3614,79.25584104163
3615,79.74157569280773
3616,80.22335991498811
3617,79.86869605896088
3618,80.49679817453358
3619,80.50978979621188
3620,80.5548711206879
3621,80.35271225744458
3622,80.7455288544351
3623,81.30264403563608
